Breaking Bad,1,Pilot
Breaking Bad,1,Cat's in the Bag...
Breaking Bad,1,...And the Bag's in the River
Breaking Bad,1,Cancer Man
Breaking Bad,1,Gray Matter
Breaking Bad,1,Crazy Handful of Nothin'
Breaking Bad,1,A No-Rough-Stuff-Type Deal
Breaking Bad,2,Seven Thirty-Seven
Breaking Bad,2,Grilled
Breaking Bad,2,Bit by a Dead Bee
Breaking Bad,2,Down
Breaking Bad,2,Breakage
Breaking Bad,2,Peekaboo
Breaking Bad,2,Negro y Azul
Breaking Bad,2,Better Call Saul
Breaking Bad,2,4 Days Out
Breaking Bad,2,Over
Breaking Bad,2,Mandala
Breaking Bad,2,Phoenix
Breaking Bad,2,ABQ
Breaking Bad,3,No Más
Breaking Bad,3,Caballo sin Nombre
Breaking Bad,3,I.F.T.
Breaking Bad,3,Green Light
Breaking Bad,3,Más
Breaking Bad,3,Sunset
Breaking Bad,3,One Minute
Breaking Bad,3,I See You
Breaking Bad,3,Kafkaesque
Breaking Bad,3,Fly
Breaking Bad,3,Abiquiu
Breaking Bad,3,Half Measures
Breaking Bad,3,Full Measure
Breaking Bad,4,Box Cutter
Breaking Bad,4,Thirty-Eight Snub
Breaking Bad,4,Open House
Breaking Bad,4,Bullet Points
Breaking Bad,4,Shotgun
Breaking Bad,4,Cornered
Breaking Bad,4,Problem Dog
Breaking Bad,4,Hermanos
Breaking Bad,4,Bug
Breaking Bad,4,Salud
Breaking Bad,4,Crawl Space
Breaking Bad,4,End Times
Breaking Bad,4,Face Off
Breaking Bad,5,Live Free or Die
Breaking Bad,5,Madrigal
Breaking Bad,5,Hazard Pay
Breaking Bad,5,Fifty-One
Breaking Bad,5,Dead Freight
Breaking Bad,5,Buyout
Breaking Bad,5,Say My Name
Breaking Bad,5,Gliding Over All
Breaking Bad,5,Blood Money
Breaking Bad,5,Buried
Breaking Bad,5,Confessions
Breaking Bad,5,Rabid Dog
Breaking Bad,5,To'hajiilee
Breaking Bad,5,Ozymandias
Breaking Bad,5,Granite State
Breaking Bad,5,Felina
Chernobyl,1,1:23:45
Chernobyl,1,Please Remain Calm
Chernobyl,1,"Open Wide, O Earth"
Chernobyl,1,The Happiness of All Mankind
Chernobyl,1,Vichnaya Pamyat
Por mandato del cielo,1,Cuando Dios era amor
Por mandato del cielo,1,El lugar correcto
Por mandato del cielo,1,Ríndete
Por mandato del cielo,1,Iglesia y Estado
Por mandato del cielo,1,Poderoso y Fuerte
Por mandato del cielo,1,Revelación
Por mandato del cielo,1,Expiacion con sangre
Junji Ito Maniac: Relatos japoneses de lo macabro,1,Los extraños hermanos Hikizuri
Junji Ito Maniac: Relatos japoneses de lo macabro,1,La historia del tunel misterioso
Junji Ito Maniac: Relatos japoneses de lo macabro,1,Los globos colgantes
Junji Ito Maniac: Relatos japoneses de lo macabro,1,La habitación silenciosa
Junji Ito Maniac: Relatos japoneses de lo macabro,1,Intrusos
Junji Ito Maniac: Relatos japoneses de lo macabro,1,Moho
Junji Ito Maniac: Relatos japoneses de lo macabro,1,La ciudad de las tumbas
Junji Ito Maniac: Relatos japoneses de lo macabro,1,Capas de terror
Junji Ito Maniac: Relatos japoneses de lo macabro,1,La foto de Tomie
Junji Ito Maniac: Relatos japoneses de lo macabro,1,El laberinto intolerable
Junji Ito Maniac: Relatos japoneses de lo macabro,1,El pasillo
Junji Ito Maniac: Relatos japoneses de lo macabro,1,La mujer susurrante
Slasher,1,Bajo tierra
Slasher,1,Entre el bien y el mal
Slasher,1,San Sebastián
Slasher,1,Noche de caza
Slasher,1,Fuera de la sarten
Slasher,1,Zumbido
Slasher,1,El amanecer de los muertos
Slasher,1,El pasado nunca muere
30 monedas,1,Telaranas
30 monedas,1,Ouija
30 monedas,1,El espejo
30 monedas,1,Recuerdos
30 monedas,1,El doble
30 monedas,1,Guerra santa
30 monedas,1,La caja de cristal
30 monedas,1,Sacrificio
30 monedas,2,El pueblo fantasma
30 monedas,2,Las tierras del sueño
30 monedas,2,Criaturas infernales
30 monedas,2,El libro negro del arabe loco
30 monedas,2,El simbolo arcano
30 monedas,2,Resetear el mundo
30 monedas,2,Los dos nucleos
30 monedas,2,El ojo de Dios
Sanditon,1,Episodio 1
Sanditon,1,Episodio 2
Sanditon,1,Episodio 3
Sanditon,1,Episodio 4
Sanditon,1,Episodio 5
Sanditon,1,Episodio 6
Sanditon,1,Episodio 7
Sanditon,1,Episodio 8
Heartstopper,1,Meet
Heartstopper,1,Crush
Heartstopper,1,Kiss
Heartstopper,1,Secret
Heartstopper,1,Friend
Heartstopper,1,Girls
Heartstopper,1,Bully
Heartstopper,1,Boyfriend
Heartstopper,2,Out
Heartstopper,2,Family
Heartstopper,2,Promise
Heartstopper,2,Challenge
Heartstopper,2,Heat
Heartstopper,2,Truth/Dare
Heartstopper,2,Sorry
Heartstopper,2,Perfect
Nuestra bandera significa muerte,1,Piloto
Nuestra bandera significa muerte,1,Un hombre maldito
Nuestra bandera significa muerte,1,Un caballero pirata
Nuestra bandera significa muerte,1,Malestar en el estado de casamiento
Nuestra bandera significa muerte,1,La mejor venganza es vestir bien
Nuestra bandera significa muerte,1,El arte de fastidiar
Nuestra bandera significa muerte,1,Esto va a pasar
Nuestra bandera significa muerte,1,El camino de regreso
Nuestra bandera significa muerte,1,Acto de gracia
Nuestra bandera significa muerte,1,"Donde quiera que vayas, ahi estare"
Nuestra bandera significa muerte,2,Pájaros imposibles
Nuestra bandera significa muerte,2,Bandera roja
Nuestra bandera significa muerte,2,El posadero
Nuestra bandera significa muerte,2,Jueguecitos
Nuestra bandera significa muerte,2,La maldición de la vida en el mar
Nuestra bandera significa muerte,2,El cumpleaños de Calipso
Nuestra bandera significa muerte,2,Hombre en racha
Nuestra bandera significa muerte,2,Sirenos
Miracle Workers,1,2 Weeks
Miracle Workers,1,13 Days
Miracle Workers,1,12 Days
Miracle Workers,1,6 Days
Miracle Workers,1,3 Days
Miracle Workers,1,1 Day
Miracle Workers,1,1 Hour
Miracle Workers,2,Graduation
Miracle Workers,2,Help Wanted
Miracle Workers,2,Road Trip
Miracle Workers,2,Internship
Miracle Workers,2,Holiday
Miracle Workers,2,Music Festival
Miracle Workers,2,Day in Court
Miracle Workers,2,First Date
Miracle Workers,2,Moving Out: Part One
Miracle Workers,2,Moving Out: Part Two
Miracle Workers,3,Hittin' the Trail
Miracle Workers,3,Fording the River
Miracle Workers,3,Hunting Party
Miracle Workers,3,What Happens in Branchwater
Miracle Workers,3,Meet the Noonans
Miracle Workers,3,Independence Rock
Miracle Workers,3,White Savior
Miracle Workers,3,Over the Mountain
Miracle Workers,3,Stranded
Miracle Workers,3,End of the Trail
Miracle Workers,4,Welcome to Boomtown
Miracle Workers,4,H.O.A.
Miracle Workers,4,The MatriXXX
Miracle Workers,4,The Grouping Ceremony
Miracle Workers,4,Jim Carrey in the Park
Miracle Workers,4,Olympus
Miracle Workers,4,Roland Proudheart
Miracle Workers,4,Children of Women
Miracle Workers,4,John Christ
Miracle Workers,4,The End
Dinosaurios,1,El poderoso Megalosaurus
Dinosaurios,1,La danza del apareamiento
Dinosaurios,1,El día del lanzamiento
Dinosaurios,1,Solo ante el peligro
Dinosaurios,1,El aullido
Dinosaurios,1,El chico de oro
Dinosaurios,1,Desafío familiar
Dinosaurios,1,Nunca como por mi padre
Dinosaurios,1,La cola de Charlene
Dinosaurios,1,Especies en peligro
Dinosaurios,1,Empleado del mes
Dinosaurios,1,Cuando la comida se estropea
Dinosaurios,2,Oportunidades profesionales
Dinosaurios,2,Soltera... Con niños
Dinosaurios,2,Cómo ligarse a las chicas
Dinosaurios,2,Confundirse al nacer
Dinosaurios,2,Día del refrigerador
Dinosaurios,2,"Significado de ""Sexual Harris"""
Dinosaurios,2,Fran en directo
Dinosaurios,2,La erupción del poder
Dinosaurios,2,El show de los Clips
Dinosaurios,2,Una nueva hierba
Dinosaurios,2,La última tentación de Ethyl
Dinosaurios,2,La guerra de los frutos secos - 1ª parte
Dinosaurios,2,La guerra de los frutos secos - 2ª parte
Dinosaurios,2,Esclava de la moda
Dinosaurios,2,Y el ganador es...
Dinosaurios,2,El jefe de la banda
Dinosaurios,2,Porque Yo Lo Digo
Dinosaurios,3,La llamada de la Naturaleza
Dinosaurios,3,Dirty Dancing
Dinosaurios,3,El bebé habla
Dinosaurios,3,Genio televisivo
Dinosaurios,3,El descubrimiento
Dinosaurios,3,Pequeño bebé Bu
Dinosaurios,3,Guerra de gérmenes
Dinosaurios,3,Hambriento de amor
Dinosaurios,3,Licencia de padre
Dinosaurios,3,El Mundo Plano de Charlene
Dinosaurios,3,El fin de semana en la Naturaleza
Dinosaurios,3,El hijo también madruga
Dinosaurios,3,Llegar a conocerte
Dinosaurios,3,Permiso de residencia
Dinosaurios,3,Recién salido de la sartén
Dinosaurios,3,De los esteroides al cielo
Dinosaurios,3,"Cariño, echo de menos a los niños"
Dinosaurios,3,Música del pantano
Dinosaurios,3,Si tú fueras un árbol
Dinosaurios,3,No estamos solos
Dinosaurios,3,El show de los Clips II
Dinosaurios,3,Charlene y sus increíbles humanos
Dinosaurios,4,Monstruo debajo de la cama
Dinosaurios,4,No te hagas el héroe
Dinosaurios,4,La historia más grande jamás vendida
Dinosaurios,4,Llevando a Miss Ethyl
Dinosaurios,4,El premio gordo de Earl
Dinosaurios,4,Los terribles dos años
Dinosaurios,4,Naturaleza cambiante
Dinosaurios,4,Esencia de reptil
Dinosaurios,4,Earl y Pearl
Dinosaurios,4,La vida en el camino del mal
Dinosaurios,4,Variaciones sobre un parque temático
Dinosaurios,4,Chica trabajadora
Dinosaurios,4,En el corazón del bosque
Dinosaurios,4,Georgie debe morir
Scream Queens,1,Pilot
Scream Queens,1,Hell Week
Scream Queens,1,Chainsaw
Scream Queens,1,Haunted House
Scream Queens,1,Pumpkin Patch
Scream Queens,1,Seven Minutes in Hell
Scream Queens,1,Beware Of Young Girls
Scream Queens,1,Mommie Dearest
Scream Queens,1,Ghost Stories
Scream Queens,1,Thanksgiving
Scream Queens,1,Black Friday
Scream Queens,1,Dorkus
Scream Queens,1,The Final Girl(s)
Scream Queens,2,Scream Again
Scream Queens,2,Warts and All
Scream Queens,2,Handidates
Scream Queens,2,Halloween Blues
Scream Queens,2,Chanel Pour Homme-Icide (muy pronto)
Scream Queens,2,Blood Drive (muy pronto)
Scream Queens,2,The Hand (muy pronto)
Scream Queens,2,"Rapunzel, Rapunzel (muy pronto)"
Assassination Classroom,1,Episodio 1
Assassination Classroom,1,Episodio 2
Assassination Classroom,1,Episodio 3
Assassination Classroom,1,Episodio 4
Assassination Classroom,1,Episodio 5
Assassination Classroom,1,Episodio 6
Assassination Classroom,1,Episodio 7
Assassination Classroom,1,Episodio 8
Assassination Classroom,1,Episodio 9
Assassination Classroom,1,Episodio 10
Assassination Classroom,1,Episodio 11
Assassination Classroom,1,Episodio 12
Assassination Classroom,1,Episodio 13
Assassination Classroom,1,Episodio 14
Assassination Classroom,1,Episodio 15
Assassination Classroom,1,Episodio 16
Assassination Classroom,1,Episodio 17
Assassination Classroom,1,Episodio 18
Assassination Classroom,1,Episodio 19
Assassination Classroom,1,Episodio 20
Assassination Classroom,1,Episodio 21
Assassination Classroom,1,Episodio 22
Assassination Classroom,2,Episodio 23
Assassination Classroom,2,Episodio 24
Assassination Classroom,2,Episodio 25
Assassination Classroom,2,Episodio 26
Assassination Classroom,2,Episodio 27
Assassination Classroom,2,Episodio 28
Assassination Classroom,2,Episodio 29
Assassination Classroom,2,Episodio 30
Assassination Classroom,2,Episodio 31
Assassination Classroom,2,Episodio 32
Assassination Classroom,2,Episodio 33
Assassination Classroom,2,Episodio 34
Assassination Classroom,2,Episodio 35
Assassination Classroom,2,Episodio 36
Assassination Classroom,2,Episodio 37
Assassination Classroom,2,Episodio 38
Assassination Classroom,2,Episodio 39
Assassination Classroom,2,Episodio 40
Assassination Classroom,2,Episodio 41
Assassination Classroom,2,Episodio 42
Assassination Classroom,2,Episodio 43
Assassination Classroom,2,Episodio 44
Assassination Classroom,2,Episodio 45
Assassination Classroom,2,Episodio 46
Assassination Classroom,2,Episodio 47
Hazbin Hotel,1,Overture
Hazbin Hotel,1,Radio Killed the Video Star
Hazbin Hotel,1,Scrambled Eggs
Hazbin Hotel,1,Masquerade
Hazbin Hotel,1,Dad Beat Dad
Hazbin Hotel,1,Welcome to Heaven
Hazbin Hotel,1,Final Part I: Hello Rosie
Hazbin Hotel,1,Final Part II: The Show Must Go On